<BackupInst xmlns="http://www.microsoft.com/GroupPolicy/GPOOperations/Manifest"><GPOGuid><![CDATA[{43F4760E-FBDE-4950-8375-9B9C005A667A}]]></GPOGuid><GPODomain><![CDATA[security.local]]></GPODomain><GPODomainGuid><![CDATA[{2b127034-e676-4f54-b03a-e700e3004cb0}]]></GPODomainGuid><GPODomainController><![CDATA[GPOSrv2016.security.local]]></GPODomainController><BackupTime><![CDATA[2021-04-13T14:31:31]]></BackupTime><ID><![CDATA[{20DC7CE4-79D7-4F4B-BECC-398302F04131}]]></ID><Comment><![CDATA[]]></Comment><GPODisplayName><![CDATA[Local Policy DoD Windows 10 STIG User v2r2]]></GPODisplayName></BackupInst>
