<Backups xmlns="http://www.microsoft.com/GroupPolicy/GPOOperations/Manifest" xmlns:mfst="http://www.microsoft.com/GroupPolicy/GPOOperations/Manifest" mfst:version="1.0"><BackupInst><GPOGuid><![CDATA[{B9AF176B-CE5D-4C06-B2E1-A605E9CF3CF7}]]></GPOGuid><GPODomain><![CDATA[security.local]]></GPODomain><GPODomainGuid><![CDATA[{2b127034-e676-4f54-b03a-e700e3004cb0}]]></GPODomainGuid><GPODomainController><![CDATA[GPOSrv2016.security.local]]></GPODomainController><BackupTime><![CDATA[2021-04-13T14:31:29]]></BackupTime><ID><![CDATA[{2C610F67-9DF9-4415-BD14-FA2DFB9CC75E}]]></ID><Comment><![CDATA[]]></Comment><GPODisplayName><![CDATA[DoD Windows 10 STIG User v2r2]]></GPODisplayName></BackupInst><BackupInst><GPOGuid><![CDATA[{1FE2194E-3F62-4A10-ACF7-506BD9422BD3}]]></GPOGuid><GPODomain><![CDATA[security.local]]></GPODomain><GPODomainGuid><![CDATA[{2b127034-e676-4f54-b03a-e700e3004cb0}]]></GPODomainGuid><GPODomainController><![CDATA[GPOSrv2016.security.local]]></GPODomainController><BackupTime><![CDATA[2021-04-13T14:31:04]]></BackupTime><ID><![CDATA[{7EECB0F3-B848-47D9-90D7-182309A80F99}]]></ID><Comment><![CDATA[]]></Comment><GPODisplayName><![CDATA[DoD Windows 10 STIG Computer v2r2]]></GPODisplayName></BackupInst></Backups>