<BackupInst xmlns="http://www.microsoft.com/GroupPolicy/GPOOperations/Manifest"><GPOGuid><![CDATA[{17897F17-0BEB-48C6-8044-4B5BB7CE7322}]]></GPOGuid><GPODomain><![CDATA[security.local]]></GPODomain><GPODomainGuid><![CDATA[{2b127034-e676-4f54-b03a-e700e3004cb0}]]></GPODomainGuid><GPODomainController><![CDATA[GPOSrv2016.security.local]]></GPODomainController><BackupTime><![CDATA[2021-04-13T14:38:18]]></BackupTime><ID><![CDATA[{789CCEBB-2B3A-4F95-8B28-9A3A61DCE9BC}]]></ID><Comment><![CDATA[]]></Comment><GPODisplayName><![CDATA[Local Policy DoD Windows Server 2016 Member Server STIG Computer v2r2]]></GPODisplayName></BackupInst>
