<Backups xmlns="http://www.microsoft.com/GroupPolicy/GPOOperations/Manifest" xmlns:mfst="http://www.microsoft.com/GroupPolicy/GPOOperations/Manifest" mfst:version="1.0"><BackupInst><GPOGuid><![CDATA[{43F4760E-FBDE-4950-8375-9B9C005A667A}]]></GPOGuid><GPODomain><![CDATA[security.local]]></GPODomain><GPODomainGuid><![CDATA[{2b127034-e676-4f54-b03a-e700e3004cb0}]]></GPODomainGuid><GPODomainController><![CDATA[GPOSrv2016.security.local]]></GPODomainController><BackupTime><![CDATA[2021-04-13T14:31:31]]></BackupTime><ID><![CDATA[{20DC7CE4-79D7-4F4B-BECC-398302F04131}]]></ID><Comment><![CDATA[]]></Comment><GPODisplayName><![CDATA[Local Policy DoD Windows 10 STIG User v2r2]]></GPODisplayName></BackupInst><BackupInst><GPOGuid><![CDATA[{990E3FFE-BE30-4062-94C4-06763CEDD514}]]></GPOGuid><GPODomain><![CDATA[security.local]]></GPODomain><GPODomainGuid><![CDATA[{2b127034-e676-4f54-b03a-e700e3004cb0}]]></GPODomainGuid><GPODomainController><![CDATA[GPOSrv2016.security.local]]></GPODomainController><BackupTime><![CDATA[2021-04-13T14:31:30]]></BackupTime><ID><![CDATA[{0CE27962-574D-4E34-8B62-B3ED3F3444AD}]]></ID><Comment><![CDATA[]]></Comment><GPODisplayName><![CDATA[Local Policy DoD Windows 10 STIG Computer v2r2]]></GPODisplayName></BackupInst><BackupInst><GPOGuid><![CDATA[{43F4760E-FBDE-4950-8375-9B9C005A667A}]]></GPOGuid><GPODomain><![CDATA[security.local]]></GPODomain><GPODomainGuid><![CDATA[{2b127034-e676-4f54-b03a-e700e3004cb0}]]></GPODomainGuid><GPODomainController><![CDATA[GPOSrv2016.security.local]]></GPODomainController><BackupTime><![CDATA[2021-04-13T14:20:10]]></BackupTime><ID><![CDATA[{FE2D81FF-8B1A-4EF5-A47F-F7565F977ED6}]]></ID><Comment><![CDATA[]]></Comment><GPODisplayName><![CDATA[Local Policy DoD Windows 10 STIG User v2r2]]></GPODisplayName></BackupInst><BackupInst><GPOGuid><![CDATA[{990E3FFE-BE30-4062-94C4-06763CEDD514}]]></GPOGuid><GPODomain><![CDATA[security.local]]></GPODomain><GPODomainGuid><![CDATA[{2b127034-e676-4f54-b03a-e700e3004cb0}]]></GPODomainGuid><GPODomainController><![CDATA[GPOSrv2016.security.local]]></GPODomainController><BackupTime><![CDATA[2021-04-13T14:20:09]]></BackupTime><ID><![CDATA[{09F115BF-8436-473F-A3BE-812CABE78F20}]]></ID><Comment><![CDATA[]]></Comment><GPODisplayName><![CDATA[Local Policy DoD Windows 10 STIG Computer v2r2]]></GPODisplayName></BackupInst><BackupInst><GPOGuid><![CDATA[{FCD58B72-E374-426A-8615-49D2124BD91D}]]></GPOGuid><GPODomain><![CDATA[security.local]]></GPODomain><GPODomainGuid><![CDATA[{2b127034-e676-4f54-b03a-e700e3004cb0}]]></GPODomainGuid><GPODomainController><![CDATA[GPOSrv2016.security.local]]></GPODomainController><BackupTime><![CDATA[2020-11-05T20:55:17]]></BackupTime><ID><![CDATA[{A8ECEE71-EC3A-4FF4-B858-448908DF994D}]]></ID><Comment><![CDATA[]]></Comment><GPODisplayName><![CDATA[Local Policy DoD Windows 10 STIG User v2r1]]></GPODisplayName></BackupInst><BackupInst><GPOGuid><![CDATA[{8176C66F-2511-4084-9D0B-54810E34EADD}]]></GPOGuid><GPODomain><![CDATA[security.local]]></GPODomain><GPODomainGuid><![CDATA[{2b127034-e676-4f54-b03a-e700e3004cb0}]]></GPODomainGuid><GPODomainController><![CDATA[GPOSrv2016.security.local]]></GPODomainController><BackupTime><![CDATA[2020-11-05T20:55:16]]></BackupTime><ID><![CDATA[{323BBC59-4592-4E4C-9717-2143B0673995}]]></ID><Comment><![CDATA[]]></Comment><GPODisplayName><![CDATA[Local Policy DoD Windows 10 STIG Computer v2r1]]></GPODisplayName></BackupInst></Backups>