<BackupInst xmlns="http://www.microsoft.com/GroupPolicy/GPOOperations/Manifest"><GPOGuid><![CDATA[{ECFE51DA-01D1-4434-A0CF-975F3546A110}]]></GPOGuid><GPODomain><![CDATA[security.local]]></GPODomain><GPODomainGuid><![CDATA[{2b127034-e676-4f54-b03a-e700e3004cb0}]]></GPODomainGuid><GPODomainController><![CDATA[GPOSrv2016.security.local]]></GPODomainController><BackupTime><![CDATA[2021-07-12T21:01:33]]></BackupTime><ID><![CDATA[{236E1C20-45D5-4D3E-AAAC-F1B4215DE5D0}]]></ID><Comment><![CDATA[]]></Comment><GPODisplayName><![CDATA[DoD Publisher 2016 STIG User v1r3]]></GPODisplayName></BackupInst>
