<Backups xmlns="http://www.microsoft.com/GroupPolicy/GPOOperations/Manifest" xmlns:mfst="http://www.microsoft.com/GroupPolicy/GPOOperations/Manifest" mfst:version="1.0"><BackupInst><GPOGuid><![CDATA[{BD9B2D56-037C-44F9-9B66-38F54AFB5C68}]]></GPOGuid><GPODomain><![CDATA[security.local]]></GPODomain><GPODomainGuid><![CDATA[{2b127034-e676-4f54-b03a-e700e3004cb0}]]></GPODomainGuid><GPODomainController><![CDATA[GPOSrv2016.security.local]]></GPODomainController><BackupTime><![CDATA[2021-04-13T14:41:02]]></BackupTime><ID><![CDATA[{34989EC2-546E-4D5F-BBD0-05B3CDBD01DE}]]></ID><Comment><![CDATA[]]></Comment><GPODisplayName><![CDATA[Local Policy DoD Windows Server 2019 Member Server STIG User v2r2]]></GPODisplayName></BackupInst><BackupInst><GPOGuid><![CDATA[{2F05293D-03B9-4496-8129-1E561621A64F}]]></GPOGuid><GPODomain><![CDATA[security.local]]></GPODomain><GPODomainGuid><![CDATA[{2b127034-e676-4f54-b03a-e700e3004cb0}]]></GPODomainGuid><GPODomainController><![CDATA[GPOSrv2016.security.local]]></GPODomainController><BackupTime><![CDATA[2021-04-13T14:41:00]]></BackupTime><ID><![CDATA[{8880834F-8C5C-49B3-8150-C6CDE510F406}]]></ID><Comment><![CDATA[]]></Comment><GPODisplayName><![CDATA[Local Policy DoD Windows Server 2019 Member Server STIG Computer v2r2]]></GPODisplayName></BackupInst><BackupInst><GPOGuid><![CDATA[{19678214-1233-4E6A-BEE1-5F9CD3D4A5B2}]]></GPOGuid><GPODomain><![CDATA[security.local]]></GPODomain><GPODomainGuid><![CDATA[{2b127034-e676-4f54-b03a-e700e3004cb0}]]></GPODomainGuid><GPODomainController><![CDATA[GPOSrv2016.security.local]]></GPODomainController><BackupTime><![CDATA[2020-11-05T21:05:43]]></BackupTime><ID><![CDATA[{2E526634-C206-4D30-9636-175676989BE1}]]></ID><Comment><![CDATA[]]></Comment><GPODisplayName><![CDATA[Local Policy DoD Windows Server 2019 Member Server STIG User v2r1]]></GPODisplayName></BackupInst><BackupInst><GPOGuid><![CDATA[{A3C55B08-C33E-40D7-89C6-DAE1B9147E6B}]]></GPOGuid><GPODomain><![CDATA[security.local]]></GPODomain><GPODomainGuid><![CDATA[{2b127034-e676-4f54-b03a-e700e3004cb0}]]></GPODomainGuid><GPODomainController><![CDATA[GPOSrv2016.security.local]]></GPODomainController><BackupTime><![CDATA[2020-11-05T21:05:42]]></BackupTime><ID><![CDATA[{3E2D7D5B-81D4-4E6D-AD8D-C0048ACD396B}]]></ID><Comment><![CDATA[]]></Comment><GPODisplayName><![CDATA[Local Policy DoD Windows Server 2019 Member Server STIG Computer v2r1]]></GPODisplayName></BackupInst></Backups>