<Backups xmlns="http://www.microsoft.com/GroupPolicy/GPOOperations/Manifest" xmlns:mfst="http://www.microsoft.com/GroupPolicy/GPOOperations/Manifest" mfst:version="1.0"><BackupInst><GPOGuid><![CDATA[{811C3927-F69E-48A8-999C-8630A3F51CD4}]]></GPOGuid><GPODomain><![CDATA[security.local]]></GPODomain><GPODomainGuid><![CDATA[{2b127034-e676-4f54-b03a-e700e3004cb0}]]></GPODomainGuid><GPODomainController><![CDATA[GPOSrv2016.security.local]]></GPODomainController><BackupTime><![CDATA[2021-07-12T21:09:13]]></BackupTime><ID><![CDATA[{C35375BC-06E6-4F8B-9E46-8318F3934421}]]></ID><Comment><![CDATA[]]></Comment><GPODisplayName><![CDATA[DoD Adobe Acrobat Reader DC Continuous STIG User V2R1]]></GPODisplayName></BackupInst><BackupInst><GPOGuid><![CDATA[{E8441595-B157-4156-810D-255DE34FC77F}]]></GPOGuid><GPODomain><![CDATA[security.local]]></GPODomain><GPODomainGuid><![CDATA[{2b127034-e676-4f54-b03a-e700e3004cb0}]]></GPODomainGuid><GPODomainController><![CDATA[GPOSrv2016.security.local]]></GPODomainController><BackupTime><![CDATA[2021-07-12T21:09:13]]></BackupTime><ID><![CDATA[{74861BF8-24D3-4F2A-A5FF-99A97905FACE}]]></ID><Comment><![CDATA[]]></Comment><GPODisplayName><![CDATA[DoD Adobe Acrobat Reader DC Continuous STIG Computer V2R1]]></GPODisplayName></BackupInst></Backups>