<BackupInst xmlns="http://www.microsoft.com/GroupPolicy/GPOOperations/Manifest"><GPOGuid><![CDATA[{2A8F54DE-05C3-4F4B-A9A4-985C132CBF21}]]></GPOGuid><GPODomain><![CDATA[security.local]]></GPODomain><GPODomainGuid><![CDATA[{2b127034-e676-4f54-b03a-e700e3004cb0}]]></GPODomainGuid><GPODomainController><![CDATA[GPOSrv2016.security.local]]></GPODomainController><BackupTime><![CDATA[2021-07-12T21:01:34]]></BackupTime><ID><![CDATA[{CB4864C2-6AE7-47CB-9B80-08D36F26FD2A}]]></ID><Comment><![CDATA[]]></Comment><GPODisplayName><![CDATA[DoD Visio 2016 STIG User v1r1]]></GPODisplayName></BackupInst>
