<Backups xmlns="http://www.microsoft.com/GroupPolicy/GPOOperations/Manifest" xmlns:mfst="http://www.microsoft.com/GroupPolicy/GPOOperations/Manifest" mfst:version="1.0"><BackupInst><GPOGuid><![CDATA[{03A92F75-F62A-43DD-8661-292E80C13611}]]></GPOGuid><GPODomain><![CDATA[security.local]]></GPODomain><GPODomainGuid><![CDATA[{2b127034-e676-4f54-b03a-e700e3004cb0}]]></GPODomainGuid><GPODomainController><![CDATA[GPOSrv2016.security.local]]></GPODomainController><BackupTime><![CDATA[2021-04-13T14:35:11]]></BackupTime><ID><![CDATA[{718C7724-40B0-4FDE-A971-A7E3BA812B29}]]></ID><Comment><![CDATA[]]></Comment><GPODisplayName><![CDATA[Local Policy DoD Windows Server 2012 R2 Member Server STIG User v3r2]]></GPODisplayName></BackupInst><BackupInst><GPOGuid><![CDATA[{899DFF40-0382-4388-A757-EE14D00E1141}]]></GPOGuid><GPODomain><![CDATA[security.local]]></GPODomain><GPODomainGuid><![CDATA[{2b127034-e676-4f54-b03a-e700e3004cb0}]]></GPODomainGuid><GPODomainController><![CDATA[GPOSrv2016.security.local]]></GPODomainController><BackupTime><![CDATA[2021-04-13T14:35:11]]></BackupTime><ID><![CDATA[{7F26F6A8-E844-46FC-BC87-7AD056FDB86D}]]></ID><Comment><![CDATA[]]></Comment><GPODisplayName><![CDATA[Local Policy DoD Windows Server 2012 R2 Member Server STIG Computer v3r2]]></GPODisplayName></BackupInst></Backups>