<Backups xmlns="http://www.microsoft.com/GroupPolicy/GPOOperations/Manifest" xmlns:mfst="http://www.microsoft.com/GroupPolicy/GPOOperations/Manifest" mfst:version="1.0"><BackupInst><GPOGuid><![CDATA[{1A0DC77A-F4B5-47AA-9EEB-0D7E84A396DF}]]></GPOGuid><GPODomain><![CDATA[security.local]]></GPODomain><GPODomainGuid><![CDATA[{2b127034-e676-4f54-b03a-e700e3004cb0}]]></GPODomainGuid><GPODomainController><![CDATA[GPOSrv2016.security.local]]></GPODomainController><BackupTime><![CDATA[2021-04-13T14:35:10]]></BackupTime><ID><![CDATA[{0B0E4990-1A8C-4A40-B9A5-BC42C6BB4095}]]></ID><Comment><![CDATA[]]></Comment><GPODisplayName><![CDATA[DoD Windows Server 2012 R2 Member Server STIG User v3r2]]></GPODisplayName></BackupInst><BackupInst><GPOGuid><![CDATA[{2B6D47A0-F1A0-4993-8F46-51E401A834D4}]]></GPOGuid><GPODomain><![CDATA[security.local]]></GPODomain><GPODomainGuid><![CDATA[{2b127034-e676-4f54-b03a-e700e3004cb0}]]></GPODomainGuid><GPODomainController><![CDATA[GPOSrv2016.security.local]]></GPODomainController><BackupTime><![CDATA[2021-04-13T14:35:10]]></BackupTime><ID><![CDATA[{E2B6002B-B28E-437E-9A95-D99238D30C2A}]]></ID><Comment><![CDATA[]]></Comment><GPODisplayName><![CDATA[DoD Windows Server 2012 R2 Member Server STIG Computer v3r2]]></GPODisplayName></BackupInst><BackupInst><GPOGuid><![CDATA[{17550A8D-00B9-4907-8F92-50822A774FD1}]]></GPOGuid><GPODomain><![CDATA[security.local]]></GPODomain><GPODomainGuid><![CDATA[{2b127034-e676-4f54-b03a-e700e3004cb0}]]></GPODomainGuid><GPODomainController><![CDATA[GPOSrv2016.security.local]]></GPODomainController><BackupTime><![CDATA[2021-04-13T14:35:10]]></BackupTime><ID><![CDATA[{5D302584-9DAE-49AB-9873-ECDD0DB33F06}]]></ID><Comment><![CDATA[]]></Comment><GPODisplayName><![CDATA[DoD Windows Server 2012 R2 Domain Controller STIG User v3r2]]></GPODisplayName></BackupInst><BackupInst><GPOGuid><![CDATA[{A9AFD487-1B99-44B4-AF55-72477C3F276A}]]></GPOGuid><GPODomain><![CDATA[security.local]]></GPODomain><GPODomainGuid><![CDATA[{2b127034-e676-4f54-b03a-e700e3004cb0}]]></GPODomainGuid><GPODomainController><![CDATA[GPOSrv2016.security.local]]></GPODomainController><BackupTime><![CDATA[2021-04-13T14:35:00]]></BackupTime><ID><![CDATA[{766B645A-50DB-4FCF-8EBA-4CD119CBA426}]]></ID><Comment><![CDATA[]]></Comment><GPODisplayName><![CDATA[DoD Windows Server 2012 R2 Domain Controller STIG Computer v3r2]]></GPODisplayName></BackupInst></Backups>