<BackupInst xmlns="http://www.microsoft.com/GroupPolicy/GPOOperations/Manifest"><GPOGuid><![CDATA[{B9AF176B-CE5D-4C06-B2E1-A605E9CF3CF7}]]></GPOGuid><GPODomain><![CDATA[security.local]]></GPODomain><GPODomainGuid><![CDATA[{2b127034-e676-4f54-b03a-e700e3004cb0}]]></GPODomainGuid><GPODomainController><![CDATA[GPOSrv2016.security.local]]></GPODomainController><BackupTime><![CDATA[2021-04-13T14:31:29]]></BackupTime><ID><![CDATA[{2C610F67-9DF9-4415-BD14-FA2DFB9CC75E}]]></ID><Comment><![CDATA[]]></Comment><GPODisplayName><![CDATA[DoD Windows 10 STIG User v2r2]]></GPODisplayName></BackupInst>
