<BackupInst xmlns="http://www.microsoft.com/GroupPolicy/GPOOperations/Manifest"><GPOGuid><![CDATA[{A9AFD487-1B99-44B4-AF55-72477C3F276A}]]></GPOGuid><GPODomain><![CDATA[security.local]]></GPODomain><GPODomainGuid><![CDATA[{2b127034-e676-4f54-b03a-e700e3004cb0}]]></GPODomainGuid><GPODomainController><![CDATA[GPOSrv2016.security.local]]></GPODomainController><BackupTime><![CDATA[2021-04-13T14:35:00]]></BackupTime><ID><![CDATA[{766B645A-50DB-4FCF-8EBA-4CD119CBA426}]]></ID><Comment><![CDATA[]]></Comment><GPODisplayName><![CDATA[DoD Windows Server 2012 R2 Domain Controller STIG Computer v3r2]]></GPODisplayName></BackupInst>
