<BackupInst xmlns="http://www.microsoft.com/GroupPolicy/GPOOperations/Manifest"><GPOGuid><![CDATA[{17550A8D-00B9-4907-8F92-50822A774FD1}]]></GPOGuid><GPODomain><![CDATA[security.local]]></GPODomain><GPODomainGuid><![CDATA[{2b127034-e676-4f54-b03a-e700e3004cb0}]]></GPODomainGuid><GPODomainController><![CDATA[GPOSrv2016.security.local]]></GPODomainController><BackupTime><![CDATA[2021-04-13T14:35:10]]></BackupTime><ID><![CDATA[{5D302584-9DAE-49AB-9873-ECDD0DB33F06}]]></ID><Comment><![CDATA[]]></Comment><GPODisplayName><![CDATA[DoD Windows Server 2012 R2 Domain Controller STIG User v3r2]]></GPODisplayName></BackupInst>
